,Name,ID,Description,Homepage,Popularities,Ratings,Os Types,Bases,Origins,Architectures,Desktops,Categories,Statuses
0,MX Linux,mx,"MX Linux, a desktop-oriented Linux distribution based on Debian's ""Stable"" branch, is a cooperative venture between the antiX and former MEPIS Linux communities. Using Xfce as the default desktop (with separate KDE Plasma and Fluxbox editions also available), it is a mid-weight operating system designed to combine an elegant and efficient desktop with simple configuration, high stability, solid performance and medium-sized footprint.",['https://mxlinux.org/'],"['1 (2,650 hits per day)']",['8.15'],['Linux'],"['Debian (Stable)', 'antiX']","['Greece, USA']","['armhf', 'i686', 'x86_64']","['Fluxbox', 'KDE Plasma', 'Xfce']","['Desktop', 'From RAM', 'Live Medium', 'Raspberry Pi']",['Active']
1,Mint,mint,"Linux Mint is an Ubuntu-based distribution whose goal is to provide a classic desktop experience with many convenient, custom tools and optional out-of-the-box multimedia support. It also adds a custom desktop and menus, several unique configuration tools, and a web-based package installation interface. Linux Mint is compatible with Ubuntu software repositories. Besides its Ubuntu-based flavour, the project also produces a separate ""Debian"" edition (called LMDE), based on the latest stable Debian version.",['https://linuxmint.com/'],"['2 (2,125 hits per day)']",['8.71'],['Linux'],"['Debian (Stable)', 'Ubuntu (LTS)']",['Ireland'],"['i686', 'x86_64']","['Cinnamon', 'MATE', 'Xfce']","['Beginners', 'Desktop', 'Live Medium']",['Active']
2,EndeavourOS,endeavour,"EndeavourOS is a rolling release Linux distribution based on Arch Linux. The project aims to be a spiritual successor to Antergos - providing an easy setup and pre-configured desktop environment on an Arch base. EndeavourOS offers both off-line and on-line install options. The off-line installer, Calamares, uses the Xfce desktop by default. The on-line installer can install optional software components, including most popular desktop environments.",['https://endeavouros.com/'],"['3 (1,715 hits per day)']",['8.45'],['Linux'],['Arch'],['Netherlands'],"['aarch64', 'x86_64']","['Budgie', 'Cinnamon', 'GNOME', 'i3', 'KDE Plasma', 'LXQt', 'MATE', 'Xfce']","['Desktop', 'Live Medium']",['Active']
3,Debian,debian,"The Debian Project is an association of individuals who have made common cause to create a free operating system. This operating system is called Debian. Debian systems currently use the Linux kernel. Linux is a completely free piece of software started by Linus Torvalds and supported by thousands of programmers worldwide. Of course, the thing that people want is application software: programs to help them get what they want to do done, from editing documents to running a business to playing games to writing more software. Debian comes with over 50,000 packages (precompiled software that is bundled up in a nice format for easy installation on your machine) - all of it free. It's a bit like a tower. At the base is the kernel. On top of that are all the basic tools. Next is all the software that you run on the computer. At the top of the tower is Debian -- carefully organizing and fitting everything so it all works together.",['https://www.debian.org/'],"['4 (1,559 hits per day)']",['8.85'],['Linux'],[],['Global'],"['aarch64', 'armel', 'armhf', 'i386', 'i686', 'mipsel', 'ppc64el', 's390x', 'x86_64']","['AfterStep', 'Awesome', 'Blackbox', 'Cinnamon', 'Fluxbox', 'flwm', 'FVWM', 'GNOME', 'i3', 'IceWM', 'ion', 'JWM', 'KDE', 'LXDE', 'LXQt', 'MATE', 'Openbox', 'pekwm', 'Ratpoison', 'WMaker', 'XBMC', 'Xfce']","['Desktop', 'Live Medium', 'Server']",['Active']
4,Manjaro,fedora,"Fedora Linux (formerly Fedora, formerly Fedora Core) is a Linux distribution developed by the community-supported Fedora Project and owned by Red Hat. Fedora Linux contains software distributed under a free and open-source license and aims to be on the leading edge of such technologies. Fedora has a reputation for focusing on innovation, integrating new technologies early on and working closely with upstream Linux communities. The default desktop in Fedora Linux is the GNOME desktop environment and the default interface is the GNOME Shell. Other desktop environments, including KDE, Xfce, LXDE, MATE and Cinnamon, are available. The Fedora project also distributes custom variations of Fedora called Fedora spins. These are built with specific sets of software packages, offering alternative desktop environments or targeting specific interests such as gaming, security, design, scientific computing and robotics.",['https://getfedora.org/'],['7 (909 hits per day)'],['8.25'],['Linux'],[],['USA'],"['aarch64', 'ppc64le', 's390x', 'x86_64']","['Awesome', 'Budgie', 'Cinnamon', 'Enlightenment', 'i3', 'GNOME', 'KDE Plasma', 'LXDE', 'LXQt', 'MATE', 'Openbox', 'Pantheon', 'Ratpoison', 'Xfce']","['Desktop', 'Immutable', 'Server', 'Live Medium']",['Active']
5,Ubuntu,manjaro,"Manjaro Linux is a fast, user-friendly, desktop-oriented operating system based on Arch Linux. Key features include intuitive installation process, automatic hardware detection, stable rolling-release model, ability to install multiple kernels, special Bash scripts for managing graphics drivers and extensive desktop configurability. Manjaro Linux offers Xfce as the core desktop options, as well as KDE, GNOME and a minimalist Net edition for more advanced users. Community-supported desktop flavours are also available.",['https://manjaro.org/'],"['5 (1,193 hits per day)']",['8.09'],['Linux'],['Arch'],"['Austria, France, Germany']","['aarch64', 'x86_64']","['Awesome', 'bspwm', 'Budgie', 'Cinnamon', 'GNOME', 'i3', 'KDE Plasma', 'LXQt', 'MATE', 'Openbox', 'Xfce']","['Desktop', 'Live Medium', 'Raspberry Pi']",['Active']
6,Fedora,ubuntu,"Ubuntu is a complete desktop Linux operating system, freely available with both community and professional support. The Ubuntu community is built on the ideas enshrined in the Ubuntu Manifesto: that software should be available free of charge, that software tools should be usable by people in their local language and despite any disabilities, and that people should have the freedom to customise and alter their software in whatever way they see fit. ""Ubuntu"" is an ancient African word, meaning ""humanity to others"". The Ubuntu distribution brings the spirit of Ubuntu to the software world.",['https://www.ubuntu.com/'],"['6 (1,027 hits per day)']",['7.78'],['Linux'],['Debian'],['Isle of Man'],"['armhf', 'ppc64el', 'riscv', 's390x', 'x86_64']","['GNOME', 'Unity']","['Beginners', 'Desktop', 'Server', 'Live Medium']",['Active']
7,Pop!_OS,popos,Pop!_OS is an Ubuntu-based Linux distribution featuring a custom GNOME desktop. Pop!_OS is designed to have a minimal amount of clutter on the desktop without distractions in order to allow the user to focus on work. The distribution is developed by Linux computer retailer System76.,['https://system76.com/pop'],['8 (905 hits per day)'],['7.97'],['Linux'],"['Ubuntu', 'Debian']",['USA'],"['aarch64', 'x86_64']",['GNOME'],"['Desktop', 'Live Medium', 'Raspberry Pi']",['Active']
8,openSUSE,backbox,"BackBox Linux is an Ubuntu-based distribution developed to perform penetration tests and security assessments. It is designed to be fast and easy to use. It provides a minimal yet complete desktop environment, thanks to its own software repositories, which are always updated to the latest stable versions of the most often used and best-known ethical hacking tools.",['https://www.backbox.org/'],['111 (88 hits per day)'],['8.33'],['Linux'],"['Debian', 'Ubuntu (LTS)']",['Italy'],['x86_64'],['Xfce'],"['Data Rescue', 'Forensics', 'Security', 'Live Medium']",['Active']
9,Zorin,alma,"AlmaLinux OS is an open-source, community-driven project that is built from the source code of Red Hat Enterprise Linux (RHEL). AlmaLinux is a completely binary compatible fork of RHEL and it is maintained by AlmaLinux OS Foundation which is a register non-profit.",['https://almalinux.org/'],['25 (341 hits per day)'],['7.91'],['Linux'],"['Fedora', 'Red Hat']",['USA'],"['aarch64', 'ppc64le', 's390x', 'x86_64']","['GNOME', 'KDE Plasma', 'MATE', 'Xfce']","['Desktop', 'Server']",['Active']
10,Garuda,opensuse,"The openSUSE project is a community program sponsored by SUSE Linux and other companies. Promoting the use of Linux everywhere, this program provides free, easy access to openSUSE, a complete Linux distribution. The openSUSE project has three main goals: make openSUSE the easiest Linux for anyone to obtain and the most widely used Linux distribution; leverage open source collaboration to make openSUSE the world's most usable Linux distribution and desktop environment for new and experienced Linux users; dramatically simplify and open the development and packaging processes to make openSUSE the platform of choice for Linux developers and software vendors.",['https://www.opensuse.org/'],['9 (779 hits per day)'],['8.68'],['Linux'],[],['Germany'],"['aarch64', 'armhf', 'i686', 'ppc64', 'ppc64el', 's390x', 'x86_64']","['Cinnamon', 'Enlightenment', 'GNOME', 'IceWM', 'KDE Plasma', 'LXDE', 'LXQt', 'MATE', 'Xfce']","['Desktop', 'Immutable', 'Server', 'Live Medium', 'Raspberry Pi']",['Active']
11,Lite,zorin,Zorin OS is an Ubuntu-based Linux distribution designed especially for newcomers to Linux. It has a Windows-like graphical user interface and many programs similar to those found in Windows. Zorin OS also comes with an application that lets users run many Windows programs. The distribution's ultimate goal is to provide a Linux alternative to Windows and let Windows users enjoy all the features of Linux without complications.,['https://www.zorinos.com/'],['10 (649 hits per day)'],['8.41'],['Linux'],"['Debian', 'Ubuntu (LTS)']",['Ireland'],['x86_64'],"['GNOME', 'Xfce']","['Beginners', 'Desktop', 'Live Medium']",['Active']
12,antiX,garuda,"Garuda Linux is a rolling distribution based on the Arch Linux operating system. Unlike Arch Linux, Garuda Linux comes with a graphical installer (Calamares) for easy installation, and other advanced graphical tools for managing your system. Garuda is a performance-oriented distro with many performance enhancing tweaks. Some of the many tweaks include using zram, a performance CPU governor, along with custom memory management software. Garuda Linux has striven to provide system stability by including the Timeshift backup utility.",['https://garudalinux.org/'],['11 (583 hits per day)'],['8.35'],['Linux'],['Arch'],['India'],['x86_64'],"['bspwm', 'Cinnamon', 'GNOME', 'i3', 'KDE Plasma', 'Recbox', 'UKUI', 'Xfce']","['Desktop', 'Live Media']",['Active']
13,KDE neon,kdeneon,"KDE neon is a Ubuntu-based Linux distribution and live DVD featuring the latest KDE Plasma desktop and other KDE community software. Besides the installable DVD image, the project provides a rapidly-evolving software repository with all the latest KDE software. Two editions of the product are available - a ""User"" edition, designed for those interested in checking out the latest KDE software as it gets released, and a ""Developer's"" edition, created as a platform for testing cutting-edge KDE applications.",['https://neon.kde.org/'],['14 (497 hits per day)'],['8.46'],['Linux'],"['Debian', 'Ubuntu (LTS)']",['United Kingdom'],"['aarch64', 'x86_64']",['KDE Plasma'],"['Desktop', 'Live Medium']",['Active']
14,elementary,freebsd,"FreeBSD is a UNIX-like operating system for the i386, amd64, IA-64, arm, MIPS, powerpc, ppc64, PC-98 and UltraSPARC platforms based on U.C. Berkeley's ""4.4BSD-Lite"" release, with some ""4.4BSD-Lite2"" enhancements. It is also based indirectly on William Jolitz's port of U.C. Berkeley's ""Net/2"" to the i386, known as ""386BSD"", though very little of the 386BSD code remains. FreeBSD is used by companies, Internet Service Providers, researchers, computer professionals, students and home users all over the world in their work, education and recreation. FreeBSD comes with over 20,000 packages (pre-compiled software that is bundled for easy installation), covering a wide range of areas: from server software, databases and web servers, to desktop software, games, web browsers and business software - all free and easy to install.",['https://www.freebsd.org/'],['24 (352 hits per day)'],['8.78'],['BSD'],[],['USA'],"['arm', 'aarch64', 'armel', 'i486', 'ia64', 'mips', 'mipsel', 'sparc64', 'pc98', 'powerpc', 'powerpc64', 'ps3', 'x86_64', 'xbox']","['AfterStep', 'Awesome', 'Blackbox', 'Enlightenment', 'Fluxbox', 'GNOME', 'IceWM', 'KDE Plasma', 'LXDE', 'Openbox', 'WMaker', 'Xfce']","['Desktop', 'Firewall', 'Raspberry Pi', 'Server']",['Active']
15,Mageia,nobara,"Nobara Project is a modified version of Fedora Linux with user-friendly fixes added to it. The distribution comes with certain features that do not ship with the regular Fedora, such as WINE dependencies, OBS Studio, 3rd party codec packages for GStreamer, NVIDIA drivers, and some package fixes. Nobara aims to fix most of those issues and offer a better gaming, streaming and content creation experience out of the box. The project's official release comes with a custom-themed GNOME desktop, but it also offers separate editions with standard GNOME and KDE desktops.",['https://nobaraproject.org/'],['17 (474 hits per day)'],['8.26'],['Linux'],['Fedora'],['USA'],['x86_64'],"['GNOME', 'KDE']","['Desktop', 'Live Medium']",['Active']
16,Nobara,antix,"antiX is a fast, lightweight and easy-to-install Linux live CD distribution based on Debian's ""Stable"" branch for x86 compatible systems. antiX offers users the ""antiX Magic"" in an environment suitable for old computers. The goal of antiX is to provide a light, but fully functional and flexible free operating system for both newcomers and experienced users of Linux. It should run on most computers, ranging from 256 MB old PIII systems with pre-configured swap to the latest powerful boxes. 256 MB RAM is recommended minimum for antiX. The installer needs minimum 2.7 GB hard disk size. antiX can also be used as a fast-booting rescue CD, or run ""live"" on a USB stick, with or without persistent file storage.",['https://antixlinux.com/'],['13 (511 hits per day)'],['8.12'],['Linux'],['Debian (Stable)'],['Greece'],"['i686', 'x86_64']","['Fluxbox', 'IceWM', 'JWM']","['From RAM', 'Desktop', 'Live Medium', 'Old Computers']",['Active']
17,Vanilla,relianoid,"Relianoid is a Debian-based Linux distribution for load balancing. The distribution offers a load balancing oriented operating system for testing, development, and quality assurance environments. Relianoid is available in Community (free of cost) and Enterprise editions.",['https://www.relianoid.com/'],['163 (55 hits per day)'],0,['Linux'],['Debian'],['USA'],['x86_64'],"['No Desktop', 'WebUI']","['Firewall', 'Specialist']",['Active']
18,NixOS,elementary,"elementary OS is an Ubuntu-based desktop distribution. Some of its more interesting features include a custom desktop environment called Pantheon and many custom apps including Photos, Music, Videos, Calendar, Terminal, Files, and more. It also comes with some familiar apps like the Epiphany web browser and a fork of Geary mail.",['https://elementary.io/'],['15 (492 hits per day)'],['4.83'],['Linux'],"['Debian', 'Ubuntu']",['USA'],['x86_64'],['Pantheon'],"['Beginners', 'Desktop', 'Live Medium']",['Active']
19,PCLinuxOS,lite,"Linux Lite is a beginner-friendly Linux distribution based on Ubuntu's long-term support (LTS) release and featuring the Xfce desktop. Linux Lite primarily targets Windows users. It aims to provide a complete set of applications to assist users with their everyday computing needs, including a full office suite, media players and other essential daily software.",['https://www.linuxliteos.com/'],['12 (580 hits per day)'],['8.12'],['Linux'],"['Debian', 'Ubuntu (LTS)']",['New Zealand'],['x86_64'],['Xfce'],"['Beginners', 'Desktop', 'Live Medium']",['Active']
20,Kali,nixos,"NixOS is an independently developed GNU/Linux distribution that aims to improve the state of the art in system configuration management. In NixOS, the entire operating system, including the kernel, applications, system packages and configuration files, are built by the Nix package manager. Nix stores all packages in isolation from each other; as a result there are no /bin, /sbin, /lib or /usr directories and all packages are kept in /nix/store instead. Other innovative features of NixOS include reliable upgrades, rollbacks, reproducible system configurations, source-based model with binaries, and multi-user package management. Although NixOS started as a research project, it is now a functional and usable operating system that includes hardware detection, KDE as the default desktop, and systemd for managing system services.",['https://nixos.org/'],['19 (385 hits per day)'],['9.02'],['Linux'],[],['Netherlands'],"['i686', 'x86_64']","['Awesome', 'Enlightenment', 'Fluxbox', 'GNOME', 'i3', 'IceWM', 'KDE Plasma', 'LXQt', 'Ratpoison', 'Xfce']","['Desktop', 'Education', 'Live Medium', 'Server']",['Active']
21,Puppy,vanilla,"Vanilla OS, a fixed-release distribution based on Ubuntu with the GNOME desktop, is an immutable operating system. The core parts of the system are locked down to prevent unwanted changes and corruption from third-party applications or a faulty update.",['https://vanillaos.org/'],['18 (397 hits per day)'],['6.36'],['Linux'],"['Debian', 'Ubuntu']",['Global'],['x86_64'],['GNOME'],"['Desktop', 'Immutable', 'Live Medium']",['Active']
22,SparkyLinux,easyos,"EasyOS is an experimental Linux distribution which uses many of the technologies and package formats pioneered by Puppy Linux. The distribution features custom container technology called Easy Containers which can run applications or the entire desktop environment in a container. Packages, desktop settings, networking and sharing resources over the network can all be controlled through graphical utilities.",['https://easyos.org/'],['31 (306 hits per day)'],['8.81'],['Linux'],[],['Australia'],['x86_64'],['JWM'],"['Desktop', 'Live Medium', 'Specialist']",['Active']
23,FreeBSD,redhat,"Red Hat Enterprise Linux (RHEL) is a Linux distribution developed by Red Hat and targeted toward the commercial market. Red Hat Enterprise Linux is released in server editions for x86, x86_64, Itanium, PowerPC and IBM System z architectures, and desktop editions for x86 and x86_64 processors. All of Red Hat's official support and training and the Red Hat Certification Program centres around the Red Hat Enterprise Linux platform. Red Hat uses strict trademark rules to restrict free re-distribution of its officially supported versions of Red Hat Enterprise Linux, but still freely provides its source code. Third-party derivatives can be built and redistributed by stripping away non-free components.",['http://www.redhat.com/'],['64 (163 hits per day)'],['6.83'],['Linux'],['Fedora'],['USA'],"['aarch64', 'i386', 'ia64', 'IBM Z', 'ppc', 'ppc64el', 's390', 's390x', 'x86_64']",['GNOME'],"['Desktop', 'Server']",['Active']
24,AlmaLinux,mageia,"Mageia is a fork of Mandriva Linux formed in September 2010 by former employees and contributors to the popular French Linux distribution. Unlike Mandriva, which is a commercial entity, the Mageia project is a community project and a non-profit organisation whose goal is to develop a free Linux-based operating system.",['https://www.mageia.org/'],['16 (478 hits per day)'],['8.26'],['Linux'],[],['France'],"['aarch64', 'armv7', 'i586', 'x86_64']","['Cinnamon', 'GNOME', 'IceWM', 'KDE', 'MATE', 'LXDE', 'LXQt', 'Openbox', 'WMaker', 'Xfce']","['Desktop', 'Live Medium', 'Server']",['Active']
25,ArcoLinux,kaos,"KaOS is a desktop Linux distribution that features the latest version of the KDE desktop environment, the Calligra office suite, and other popular software applications that use the Qt toolkit. It was inspired by Arch Linux, but the developers build their own packages which are available from in-house repositories. KaOS employs a rolling-release development model and is built exclusively for 64-bit computer systems.",['http://kaosx.us/'],['48 (200 hits per day)'],['5.81'],['Linux'],[],['USA'],['x86_64'],['KDE Plasma'],"['Desktop', 'Live Medium']",['Active']
26,Q4OS,kali,"Kali Linux (formerly known as BackTrack) is a Debian-based distribution with a collection of security and forensics tools. It features timely security updates, support for the ARM architecture, a choice of four popular desktop environments, and seamless upgrades to newer versions.",['https://www.kali.org/'],['21 (370 hits per day)'],['8.73'],['Linux'],['Debian (Testing)'],['Gibraltar'],"['aarch64', 'Apple M1', 'armel', 'i686', 'x86_64']","['GNOME', 'KDE Plasma', 'Xfce']","['Data Rescue', 'Forensics', 'Live Medium', 'Raspberry Pi', 'Security']",['Active']
27,Peppermint,makulu,"MakuluLinux is a rolling-release, desktop distribution based either on Ubuntu's LTS (long-term support) release or Debian's ""Testing"" branch. It includes pre-installed multimedia codecs, device drivers and software for everyday use. MakuluLinux comes in four editions: ""LinDoz"" - featuring the Cinnamon desktop with the user interface customised to resemble that of Microsoft Windows, ""Core"" - presenting a highly customised Xfce desktop environment, ""Flash"" - providing a standard Xfce desktop, and finally ""Shift"" - delivering a pre-configured GNOME desktop environment.",['http://www.makululinux.com/'],['63 (163 hits per day)'],['6.33'],['Linux'],"['Debian (Testing)', 'Ubuntu (LTS)']",['Vietnam'],['x86_64'],"['Cinnamon', 'GNOME', 'Xfce']","['Desktop', 'Gaming', 'Live Medium']",['Active']
28,CachyOS,pclinuxos,"PCLinuxOS is a user-friendly Linux distribution with out-of-the-box support for many popular graphics and sound cards, as well as other peripheral devices. The bootable live DVD provides an easy-to-use graphical installer and the distribution sports a wide range of popular applications for the typical desktop user, including browser plugins and full multimedia playback. The intuitive system configuration tools include Synaptic for package management, Addlocale to add support to many languages and Mylivecd to create a customised live CD.",['https://www.pclinuxos.com/'],['20 (373 hits per day)'],['8.18'],['Linux'],[],['USA'],['x86_64'],"['KDE Plasma', 'MATE', 'Xfce']","['Beginners', 'Desktop', 'Live Medium']",['Active']
29,TUXEDO,puppy,"Puppy Linux is yet another Linux distribution. What's different here is that Puppy is extraordinarily small, yet quite full-featured. Puppy boots into a ramdisk and, unlike live CD distributions that have to keep pulling stuff off the CD, it loads into RAM. This means that all applications start in the blink of an eye and respond to user input instantly. Puppy Linux has the ability to boot off a flash card or any USB memory device, CDROM, Zip disk or LS/120/240 Superdisk, floppy disks, internal hard drive. It can even use a multisession formatted CD-RW/DVD-RW to save everything back to the CD/DVD with no hard drive required at all.",['https://puppylinux-woof-ce.github.io/'],['22 (355 hits per day)'],['7.69'],['Linux'],[],['Australia'],"['i686', 'x86_64']","['JWM', 'Openbox']","['Desktop', 'From RAM', 'Old Computers', 'Live Medium', 'Netbooks']",['Active']
30,EasyOS,tuxedo,"TUXEDO OS is an Ubuntu-based distribution developed in Germany by TUXEDO Computers GmbH, designed and optimised for the company's own range of Linux-friendly personal computers and notebooks. The distribution uses KDE Plasma as the preferred desktop. Some of the differences between Ubuntu and TUXEDO OS include custom boot menu, the TUXEDO Control Centre, Calamares installer, availability of the Lutris open gaming platform, preference for the PipeWire audio daemon (over PulseAudio), removal of Ubuntu's snap daemon and snap packages, and various other tweaks and enhancements.",['https://www.tuxedocomputers.com/os'],['30 (308 hits per day)'],['8.17'],['Linux'],"['Debian', 'Ubuntu (LTS)']",['Germany'],['x86_64'],['KDE Plasma'],"['Beginners', 'Desktop', 'Live Medium']",['Active']
31,Alpine,devuan,"Devuan GNU+Linux is a Linux distribution forked from Debian in 2015. The project's primary goal is to provide a variant of Debian without the complexities and dependencies of systemd, an init system and services manager originally developed by Red Hat and later adopted by most other Linux distributions. Devuan's initial beta release was made available in April 2016, together with an upgrade path from Debian 7.0 ""Wheezy"" and a possibility to switch to Devuan from Debian 8.0 ""Jessie"". The distribution adopted Xfce as its default desktop.",['https://devuan.org/'],['33 (285 hits per day)'],['9.24'],['Linux'],['Debian'],['Global'],"['aarch64', 'armel', 'armhf', 'i686', 'x86_64']","['Cinnamon', 'KDE Plasma', 'LXQt', 'MATE', 'Xfce']","['Desktop', 'Live Medium', 'Server', 'Raspberry Pi']",['Active']
32,Devuan,mabox,Mabox is a Manjaro-based rolling release distribution. Mabox Linux features the Openbox window manager as its default interface and provides a welcome screen with access to utilities which add additional software to the operating system.,['https://maboxlinux.org/'],['87 (129 hits per day)'],['9.07'],['Linux'],"['Manjaro', 'Arch']",['Poland'],['x86_64'],['Openbox'],"['Desktop', 'Live Medium']",['Active']
33,Voyager,netbsd,"NetBSD is a free, secure, and highly portable UNIX-like Open Source operating system available for many platforms, from 64-bit AlphaServers and desktop systems to handheld and embedded devices. Its clean design and advanced features make it excellent in both production and research environments, and it is user-supported with complete source. Many applications are easily available through The NetBSD Packages Collection.",['http://www.netbsd.org/'],['151 (58 hits per day)'],['5'],['BSD'],[],['USA'],"['acorn26', 'acorn32', 'alpha', 'amiga', 'arc', 'atari', 'cats', 'cobalt', 'dreamcast', 'emips', 'evbarm', 'evbmips', 'evbppc', 'evbsh3', 'ews4800mips', 'hp300', 'hp700', 'hpcarm', 'hpcmips', 'hpcsh', 'i386', 'ibmnws', 'luna68k', 'm68010', 'mipsco', 'mvme68k', 'mvmeppc', 'news68k', 'newsmips', 'ofppc', 'pmax', 'powerpc', 'prep', 'sandpoint', 'sgimips', 'shark', 'sparc32', 'sparc64', 'sun2', 'sun3', 'vax', 'x68k', 'x86_64', 'zaurus']","['AfterStep', 'Awesome', 'Blackbox', 'Fluxbox', 'GNOME', 'IceWM', 'KDE', 'Openbox', 'WMaker', 'Xfce']","['Desktop', 'Raspberry Pi', 'Server']",['Active']
34,blendOS,eurolinux,"EuroLinux is an enterprise-class Linux distribution made and supported by the EuroLinux company, built mostly from code of Red Hat Enterprise Linux. The origin of the system ensures compatibility with most popular enterprise Linux distributions including Red Hat Enterprise Linux, Oracle Linux, and CentOS. While primarily geared toward server workloads, EuroLinux can also be used for desktop computing or any environment where long-term stability and support are demanded.",['https://en.euro-linux.com/eurolinux/'],['101 (113 hits per day)'],['4.67'],['Linux'],['Red Hat'],['Poland'],"['aarch64', 'x86_64']","['GNOME', 'KDE Plasma']","['Desktop', 'Server']",['Active']
35,Solus,q4os,"Q4OS is a Debian-based desktop Linux distribution designed to offer classic-style user interface (Trinity) and simple accessories, and to serve stable APIs for complex third-party applications, such as Google Chrome, VirtualBox and development tools. The system is also very useful for virtual cloud environments due to its very low hardware requirements.",['https://q4os.org/'],['27 (314 hits per day)'],['8.6'],['Linux'],['Debian (Stable)'],['Germany'],"['aarch64', 'armhf', 'i386', 'x86_64']","['KDE Plasma', 'Trinity']","['Desktop', 'Live Medium', 'Old Computers']",['Active']
36,Kubuntu,reactos,"ReactOS is a free and open-source operating system based on the best design principles found in the Windows NT architecture. Written completely from scratch, ReactOS is not a Linux-based system and it shares none of the UNIX architecture. The main goal of the ReactOS project is to provide an operating system which is binary compatible with Windows. This will allow Windows applications and drivers to run as they would on a Windows system. Additionally, the look and feel of the Windows operating system is used, such that people accustomed to the familiar user interface of Windows would find using ReactOS straightforward. The ultimate goal of ReactOS is to allow people to use it as an alternative to Windows without the need to change software they are used to.",['https://www.reactos.org/'],['70 (155 hits per day)'],['5.71'],['Other OS'],[],['Russia'],"['i386', 'x86_64']",['ReactOS Explorer'],"['Desktop', 'Old Computers', 'Live Medium']",['Active']
37,Bodhi,peppermint,"Peppermint OS is a Debian- and Devuan-based (previously a Lubuntu-based) Linux distribution that aims to be fast and easy on system resources. By employing its Site Specific Browser, Peppermint integrates seamlessly with cloud and web-based applications. The distribution's other features include straight forward updates and easy step-by-step installation using the Calamares installer. The distribution once employed a hybrid LXDE/Xfce desktop environment, mixing LXDE's lxsession with Xfce's panel and application menu. Starting in 2022, Peppermint OS shifted to using the Xfce desktop, dropping the LXDE components.",['https://peppermintos.com/'],['28 (313 hits per day)'],['7.65'],['Linux'],"['Debian (Stable)', 'Devuan']",['United Kingdom'],"['aarch64', 'i686', 'x86_64']",['Xfce'],"['Desktop', 'Live Medium', 'Raspberry Pi']",['Active']
38,SmartOS,solus,"Solus is a Linux distribution built from scratch. It uses a forked version of the PiSi package manager, maintained as ""eopkg"" within Solus, and a custom desktop environment called ""Budgie"", developed in-house. The Budgie desktop, which can be set to emulate the look and feel of the GNOME 2 desktop, is tightly integrated with the GNOME stack. The distribution is available for 64-bit computers only.",['https://getsol.us/'],['36 (272 hits per day)'],['7.4'],['Linux'],[],['Ireland'],['x86_64'],"['Budgie', 'GNOME', 'KDE Plasma', 'MATE']","['Beginners', 'Desktop', 'Live Medium']",['Active']
39,Tails,sparky,"SparkyLinux is a lightweight, fast and simple Linux distribution designed for both old and new computers featuring customised Enlightenment and LXDE desktops. It has been built on the ""testing"" branch of Debian GNU/Linux.",['https://sparkylinux.org/'],['23 (355 hits per day)'],['8.59'],['Linux'],['Debian'],['Poland'],"['armhf', 'i686', 'x86_64']","['Budgie', 'Enlightenment', 'JWM', 'KDE Plasma', 'LXDE', 'LXQt', 'MATE', 'Openbox', 'Xfce']","['Desktop', 'Live Medium']",['Active']
40,Gnoppix,arco,"ArcoLinux (previously known as ArchMerge) is a distribution based on Arch Linux. The development takes places in three branches - ArcoLinux, ArcoLinuxD and ArcoLinuxB. ArcoLinux is a full-featured distribution that ships with the Xfce desktop (as well as Openbox and i3 window managers). ArcoLinuxD is a minimal distribution that includes scripts that enable power users to install any desktop and application. ArcoLinuxB is a project that gives users the power to build custom distributions, while also developing several community editions with pre-configured desktops, such as Awesome, bspwm, Budgie, Cinnamon, Deepin, GNOME, MATE and KDE Plasma. ArcoLinux also provides various video tutorials as it places strong focus on learning and acquiring Linux skills.","['https://arcolinux.info/', 'https://arcolinux.com/']",['26 (328 hits per day)'],['8.51'],['Linux'],['Arch'],['Belgium'],['x86_64'],"['Awesome', 'bspwm', 'Budgie', 'Cinnamon', 'Deepin', 'GNOME', 'i3', 'MATE', 'KDE Plasma', 'Openbox', 'Xfce']","['Desktop', 'Live Medium']",['Active']
41,Slackware,slackware,"The Official Release of Slackware Linux by Patrick Volkerding is an advanced Linux operating system, designed with the twin goals of ease of use and stability as top priorities. Including the latest popular software while retaining a sense of tradition, providing simplicity and ease of use alongside flexibility and power, Slackware brings the best of all worlds to the table. Originally developed by Linus Torvalds in 1991, the UNIX-like Linux operating system now benefits from the contributions of millions of users and developers around the world. Slackware Linux provides new and experienced users alike with a fully-featured system, equipped to serve in any capacity from desktop workstation to machine-room server. Web, ftp, and email servers are ready to go out of the box, as are a wide selection of popular desktop environments. A full range of development tools, editors, and current libraries is included for users who wish to develop or compile additional software.",['http://www.slackware.com/'],['42 (224 hits per day)'],['9.02'],['Linux'],[],['USA'],"['arm', 'i586', 's390', 'x86_64']","['Blackbox', 'Fluxbox', 'FVWM', 'KDE', 'WMaker', 'Xfce']","['Desktop', 'Server']",['Active']
42,SpiralLinux,alpine,"Alpine Linux is a community developed operating system designed for routers, firewalls, VPNs, VoIP boxes, containers, and servers. It was designed with security in mind; it has proactive security features like PaX and SSP that prevent security holes in the software to be exploited. The C library used is musl and the base tools are all in BusyBox. Those are normally found in embedded systems and are smaller than the tools found in GNU/Linux systems.",['https://www.alpinelinux.org/'],['32 (293 hits per day)'],['9.03'],['Linux'],[],['Norway'],"['aarch64', 'i486', 'ppc64', 's390x', 'x86_64', 'armhf']","['GNOME', 'KDE Plasma', 'LXQt', 'MATE', 'Xfce']","['Firewall', 'From RAM', 'Raspberry Pi', 'Server', 'Security', 'Telephony']",['Active']
43,XeroLinux,cachyos,"CachyOS is a Linux distribution based on Arch Linux. It focuses on speed and security optimisations - the default Linux kernel is heavily optimised using the BORE (Burst-Oriented Response Enhancer) scheduler, while the desktop packages are compiled with LTO and x86-64-v3 optimization, security flags and performance improvements. The available desktop environments and window managers include KDE Plasma, GNOME, Xfce, i3, bspwm, LXQt, Openbox, Wayfire and Cutefish. CachyOS also ships with both graphical and command-line installers and provides a Firefox-based browser (called Cachy-Browser) with some security enhancements and performance optimisations.",['https://cachyos.org/'],['29 (309 hits per day)'],['8.84'],['Linux'],['Arch'],['Germany'],['x86_64'],"['GNOME', 'KDE Plasma']","['Desktop', 'Live Medium']",['Active']
44,Regata,biglinux,"BigLinux is a Brazilian Linux distribution localised into Brazilian Portuguese (with support for English). It is was originally based on Kubuntu, but starting from 2017 the distribution was re-born based on deepin. It then offered two desktop environments - Cinnamon and Deepin. In 2021 the distribution switched bases and desktop environments again, migrating to Manjaro Linux running KDE Plasma.",['https://www.biglinux.com.br/'],['76 (140 hits per day)'],['9.56'],['Linux'],['Manjaro'],['Brazil'],['x86_64'],['KDE Plasma'],"['Desktop', 'Live Medium']",['Active']
45,Bluestar,blendos,"blendOS is an Arch Linux-based, rolling release distribution which automates installing software from supported distributions (Arch, Fedora, and Ubuntu) into containers. blendOS tries to make software management in across containers feel native and provides access to the user's home directory for each container.",['https://blendos.co/'],['35 (275 hits per day)'],['4.78'],['Linux'],['Arch Linux'],['India'],['x86_64'],"['Cinnamon', 'Deepin', 'GNOME', 'KDE Plasma', 'LXQt', 'MATE', 'Xfce']","['Desktop', 'Live Medium']",['Active']
46,Rocky,kubuntu,"Kubuntu is a free, user-friendly Linux distribution based on KDE's desktop software and on the Ubuntu operating system. It has a biannual release cycle. Besides providing an up-to-date version of the KDE desktop at the time of the release, the project also releases updated KDE packages throughout the lifetime of each release.",['https://kubuntu.org/'],['37 (259 hits per day)'],['8.31'],['Linux'],"['Debian', 'Ubuntu']",['Isle of Man'],['x86_64'],['KDE Plasma'],"['Desktop', 'Live Medium']",['Active']
47,KaOS,bodhi,"Bodhi Linux is an elegant and lightweight Debian/Ubuntu-based distribution featuring Moksha, an Enlightenment-17-based desktop environment. The project takes a decidedly minimalist approach by offering modularity, high levels of customisation, and choice of themes. Bodhi releases come in several editions, including Standard (64-bit) and Legacy (32-bit) which are minimalist, only including a web browser, terminal, file manger, text editor and photo GUI applications, while the AppPack edition includes more applications and tools preinstalled. Additional software can be added with Bodhi's web-based AppCenter, Synaptic, and APT.",['https://www.bodhilinux.com/'],['38 (257 hits per day)'],['8.93'],['Linux'],"['Debian', 'Ubuntu']",['USA'],['x86_64'],['Moksha (Enlightenment)'],"['Desktop', 'Live Medium', 'Netbooks', 'Old Computers']",['Active']
48,Lubuntu,ghostbsd,"GhostBSD is a user-friendly desktop operating system based on FreeBSD. Its default desktop is MATE, but a separate community edition with Xfce is available too. It also features a selection of commonly used software, a rolling-release development model, and a bootable live image with an intuitive graphical system installer.",['https://www.ghostbsd.org/'],['59 (169 hits per day)'],['7.24'],['BSD'],['FreeBSD'],['Canada'],['x86_64'],"['MATE', 'Xfce']","['Desktop', 'Live Medium']",['Active']
49,PureOS,ubports,"UBports is a community-developed fork of Canonical's Ubuntu Touch operating system for mobile devices. UBports works on getting the mobile operating system working on new devices, provides software updates and ports new versions of Ubuntu to mobile devices.",['https://ubports.com/'],['144 (61 hits per day)'],['7.63'],['Linux'],['Ubuntu'],['Norway'],['armhf'],['Unity'],"['Immutable', 'Mobile']",['Active']
50,Athena,pureos,PureOS is a GNU/Linux distribution based on Debian. It is a desktop distribution that can be used as live media (CD or USB) or as full-featured operating systems installed on a hard disk. PureOS uses free and open source software exclusively and is endorsed by the Free Software Foundation. It ships with some privacy features enabled by default such as using DuckDuckGo as the search engine and the HTTPS Everywhere browser extension is enabled.,['https://pureos.net/'],['50 (197 hits per day)'],['6.63'],['Linux'],['Debian'],['France'],['x86_64'],['GNOME'],"['Desktop', 'Free Software', 'Live Medium', 'Mobile']",['Active']
51,Clear,centos,"CentOS as a group is a community of open source contributors and users which started in 2003 and has been sponsored by Red Hat since 2014. CentOS Linux versions up to CentOS Linux 8 are 100% compatible rebuilds of Red Hat Enterprise Linux, in full compliance with Red Hat's redistribution requirements. In 2020 it was announced CentOS Linux is being discontinued and replaced with CentOS Stream, a developer-focused distribution which acts as a middle-stream between Fedora and Red Hat Enterprise Linux.",['http://www.centos.org/'],['53 (182 hits per day)'],['4.47'],['Linux'],"['Fedora', 'Red Hat']",['USA'],"['aarch64', 'ppc64le', 'x86_64']",['GNOME'],"['Desktop', 'Live Medium', 'Server']",['Active']
52,CentOS,rocky,Rocky Linux is a community enterprise operating system designed to be 100% bug-for-bug compatible with Red Hat Enterprise Linux. It is available for the x86_64 and AArch64 processor architectures.,['https://rockylinux.org/'],['47 (204 hits per day)'],['8.85'],['Linux'],['Red Hat'],['USA'],"['aarch64', 'ppc64le', 's390x', 'x86_64']",['GNOME'],"['Desktop', 'Server']",['Active']
53,Linuxfx,tails,"The Amnesic Incognito Live System (Tails) is a Debian-based live DVD/USB with the goal of providing complete Internet anonymity for the user. The product ships with several Internet applications, including web browser, IRC client, mail client and instant messenger, all pre-configured with security in mind and with all traffic anonymised. To achieve this, Incognito uses the Tor network to make Internet traffic very hard to trace.",['https://tails.net/'],['40 (240 hits per day)'],['5'],['Linux'],['Debian (Stable)'],['Ireland'],['x86_64'],['GNOME'],"['From RAM', 'Live Medium', 'Privacy', 'Security']",['Active']
54,Xubuntu,clonezilla,"Clonezilla Live is a Debian-based live CD containing Clonezilla, a partition and disk cloning software similar to Norton Ghost. It saves and restores only used blocks in hard drive. With Clonezilla, one can clone a 5 GB system to 40 clients in about 10 minutes.","['https://clonezilla.org/', None]",['147 (60 hits per day)'],['8.56'],['Linux'],['Debian (Unstable)'],['Taiwan'],"['i686', 'x86_64']",['No Desktop'],"['Data Rescue', 'Specialist']",['Active']
55,Fatdog64,lubuntu,"Lubuntu is a variant of Ubuntu that uses the LXQt desktop environment. (Versions prior to 18.10 shipped with the LXDE desktop.) It includes essential applications and services for daily use, including office suite, PDF reader, image editor and multimedia players. A distribution available for both 32-bit and 64-bit computers, Lubuntu is intended to be user-friendly, lightweight and energy efficient.",['https://lubuntu.me/'],['49 (198 hits per day)'],['7.8'],['Linux'],"['Debian', 'Ubuntu']","['France, Taiwan']",['x86_64'],"['LXDE', 'LXQt']","['Live Medium', 'Netbooks']",['Active']
56,OpenMandriva,parrot,"Parrot (formerly Parrot Security OS) is a Debian-based, security-oriented distribution featuring a collection of utilities designed for penetration testing, computer forensics, reverse engineering, hacking, privacy, anonymity and cryptography. The product, developed by Frozenbox, comes with MATE as the default desktop environment.",['https://parrotsec.org/'],['58 (173 hits per day)'],['8.43'],['Linux'],['Debian'],['Italy'],['x86_64'],"['KDE Plasma', 'MATE']","['Forensics', 'Live Medium', 'Security']",['Active']
57,Parrot,xubuntu,"Xubuntu is a community-developed operating system based on Ubuntu. It comes with Xfce, which is a stable, light and configurable desktop environment.",['https://www.xubuntu.org/'],['55 (177 hits per day)'],['8.1'],['Linux'],"['Debian', 'Ubuntu']",['Isle of Man'],['x86_64'],['Xfce'],['Desktop'],['Active']
58,GhostBSD,voyager,"Voyager Live is an Xubuntu-based distribution and live DVD showcasing the Xfce desktop environment. Its features include the Avant Window Navigator or AWN (a dock-like navigation bar), Conky (a program which displays useful information on the desktop), and over 300 photographs and animations that can be used as desktop backgrounds. The project also develops several other editions of Voyager Live - a ""GE"" edition with GNOME Shell, a ""GS"" variant for Gamers, and a separately-maintained flavour based on Debian's ""stable"" branch.",['https://voyagerlive.org/'],['34 (279 hits per day)'],['7.95'],['Linux'],"['Debian (Stable)', 'Xubuntu']",['France'],['x86_64'],"['GNOME', 'Xfce']","['Desktop', 'Live Medium']",['Active']
59,Archcraft,gentoo,"Gentoo Linux is a versatile and fast, completely free Linux distribution geared towards developers and network professionals. Unlike other distros, Gentoo Linux has an advanced package management system called Portage. Portage is a true ports system in the tradition of BSD ports, but is Python-based and sports a number of advanced features including dependencies, fine-grained package management, ""fake"" (OpenBSD-style) installs, safe unmerging, system profiles, virtual packages, config file management, and more.",['https://www.gentoo.org/'],['61 (168 hits per day)'],['8.38'],['Linux'],[],['USA'],"['i486', 'i586', 'i686', 'x86_64', 'alpha', 'arm', 'hppa', 'ia64', 'mips', 'powerpc', 'ppc64', 'sparc64']","['AfterStep', 'Awesome', 'Blackbox', 'Enlightenment', 'Fluxbox', 'GNOME', 'IceWM', 'KDE Plasma', 'LXDE', 'MATE', 'Openbox', 'WMaker', 'Xfce']","['Desktop', 'Server', 'Source-based']",['Active']
60,Gentoo,artix,"Artix Linux is a fork (or continuation as an autonomous project) of the Arch-OpenRC and Manjaro-OpenRC projects. Artix Linux offers a lightweight, rolling-release operating system featuring the OpenRC init software. (Alternative spins feature the runit and s6 init software.) Several editions of Artix Linux are available, featuring either a plain command line or one of several desktop environments.",['https://artixlinux.org/'],['72 (150 hits per day)'],['9.23'],['Linux'],['Arch'],['Global'],['x86_64'],"['Cinnamon', 'LXDE', 'LXQt', 'MATE', 'KDE Plasma', 'Xfce']","['Desktop', 'Live Medium']",['Active']
61,Neptune,arch,"Arch Linux is an independently developed, x86_64-optimised Linux distribution targeted at competent Linux users. It uses 'pacman', its home-grown package manager, to provide updates to the latest software applications with full dependency tracking. Operating on a rolling release system, Arch can be installed from a CD image or via an FTP server. The default install provides a solid base that enables users to create a custom installation. In addition, the Arch Build System (ABS) provides a way to easily build new packages, modify the configuration of stock packages, and share these packages with other users via the Arch Linux user repository.",['http://www.archlinux.org/'],['67 (158 hits per day)'],['9.22'],['Linux'],[],['Canada'],['x86_64'],"['Cinnamon', 'Enlightenment', 'GNOME', 'KDE', 'LXDE', 'MATE', 'Xfce']","['Desktop', 'Server']",['Active']
62,MakuluLinux,spiral,"SpiralLinux is a selection of desktop spins built from Debian GNU/Linux, with a focus on simplicity and out-of-the-box usability across all the major desktop environments. SpiralLinux serves as an alternative live installation method for a highly reliable customized Debian system using only official Debian package repositories. Unlike Debian's official install media, SpiralLinux includes non-free firmware. It also provides popular media codecs out of the box.",['https://spirallinux.github.io/'],['43 (211 hits per day)'],['8.67'],['Linux'],['Debian'],['USA'],['x86_64'],"['Budgie', 'Cinnamon', 'GNOME', 'KDE Plasma', 'LXQt', 'MATE', 'Xfce']","['Desktop', 'Live Medium']",['Active']
63,Red Hat,smartos,"SmartOS is an open-source UNIX-like operating system based on illumos, a community fork of OpenSolaris. It features four technologies - ZFS (a combined file system and logical volume manager), DTrace (a dynamic tracing framework for troubleshooting kernel and application problems), Zones (a lightweight virtualisation solution), KVM and bhyve (two full virtualisation solutions for running a variety of guest operating systems, including Linux, Windows, BSD and Plan9). SmartOS is designed to be particularly suitable for building clouds and generating appliances.",['https://www.tritondatacenter.com/smartos'],['39 (249 hits per day)'],['7'],['Solaris'],['Solaris'],['USA'],['x86_64'],['No Desktop'],"['Specialist', 'Live Medium']",['Active']
64,siduction,lernstick,"Lernstick is a mobile and secure learning and working environment for school and at home that can be installed on external storage media (e.g. USB sticks, USB hard drives, SD cards, etc.). The distribution is based on Debian's stable branch. The distribution is intended to perform so that almost every computer can be started from this storage media. Basically, a hard drive with an installed operating system is no longer required. (Optionally, the system can still be installed on the hard disk.) As a result, the learning stick is a platform for so-called Bring Your Own Device scenarios, in which students can also use their private devices for school purposes.",['https://www.bfh.ch/de/forschung/forschungsbereiche/lernstick/'],['273 (5 hits per day)'],0,['Linux'],['Debian'],['Germany'],['x86_64'],"['Cinnamon', 'Enlightenment', 'GNOME', 'KDE Plasma', 'LXDE', 'MATE', 'Xfce']","['Desktop', 'Education', 'Live Medium']",['Active']
65,TrueNAS,athena,"Athena OS is an Arch-derived Linux distribution designed for penetration testing, bug-bounty hunting and InfoSec students. The distribution provides a way to connect directly to some of the e-learning hacking resources, such as Hack The Box, Offensive Security, PWNX and InfoSec certifications, and it provides integration with the Hack The Box hacking platform and connections to InfoSec communities. Athena OS also introduces InfoSec roles (e.g. penetration tester or open-source intelligence specialist) based on user preferences, so the user's system is populated with relevant tools only.",['https://github.com/Athena-OS'],['51 (187 hits per day)'],['8'],['Linux'],['Arch'],['Switzerland'],['x86_64'],['GNOME'],"['Desktop', 'Forensics', 'Live Medium', 'Security']",['Active']
66,Arch,xero,"XeroLinux is an Arch Linux-based distribution with KDE Plasma as the preferred desktop. Some of the features of the distribution include the Calamares installer, various under-the-hood tweaks and optimisations, built-in support for community-built AUR packages as well as Flatpak packages, and the availability of various desktop and bootloader themes developed in-house.",['https://xerolinux.xyz/'],['44 (210 hits per day)'],['8.3'],['Linux'],['Arch'],['Lebanon'],['x86_64'],['KDE Plasma'],"['Live Medium', 'Desktop']",['Active']
67,Murena,alt,"ALT Linux was founded in 2001 by a merge of two large Russian free software projects. By the year 2008 it became a large organization developing and deploying free software, writing documentation and technical literature, supporting users, and developing custom products. ALT Linux produces different types of distributions for various purposes. There are desktop distributions for home and office computers and for corporate servers, universal distributions that include a wide variety of development tools and documentation, certified products, distributions specialized for educational institutions, and distributions for low-powered computers. ALT Linux has its own development infrastructure and repository called Sisyphus, which provides the base for all the different editions of ALT Linux.","['https://en.altlinux.org/', 'https://www.basealt.ru/']",['73 (147 hits per day)'],['8.75'],['Linux'],['Mandrake'],['Russia'],"['aarch64', 'armhf', 'i586', 'mipsel', 'ppc64el', 'riscv64', 'x86_64']","['AfterStep', 'Blackbox', 'Cinnamon', 'Enlightenment', 'FVWM', 'GNOME', 'IceWM', 'KDE', 'LXDE', 'MATE', 'Openbox', 'LXQt', 'WMaker', 'Xfce']","['Data Rescue', 'Desktop', 'Education', 'Live Medium', 'Raspberry Pi', 'Old Computers', 'Security', 'Server']",['Active']
68,Qubes,wattos,"wattOS is a fast desktop Linux distribution based on Debian. Using the lightweight Openbox window manager as its default user interface, the distribution strives to be as energy-efficient as possible so that it can be used on low-specification and recycled computers.",['https://www.planetwatt.com/'],['78 (137 hits per day)'],['8.55'],['Linux'],['Debian'],['USA'],['x86_64'],['LXDE'],"['Desktop', 'Live Medium', 'Netbooks', 'Old Computers']",['Active']
69,ReactOS,gecko,"GeckoLinux is a Linux spin based on the openSUSE distribution, with a focus on polish and out-of-the-box usability on the desktop. The distribution features many desktop editions which can be installed from live discs. Some patent encumbered open source software is included in GeckoLinux which is not available in the default installation of openSUSE. Special attention has been given to the quality of the font rendering. GeckoLinux provides two main editions, Static (which is based on openSUSE Leap) and Rolling (based on openSUSE Tumbleweed).",['https://geckolinux.github.io/'],['99 (118 hits per day)'],['8.55'],['Linux'],['openSUSE'],['USA'],['x86_64'],"['Budgie', 'Cinnamon', 'GNOME', 'IceWM', 'KDE Plasma', 'LXQt', 'MATE', 'Pantheon', 'Xfce']","['Desktop', 'Live Medium']",['Active']
70,Rhino,openbsd,"The OpenBSD project produces a free, multi-platform BSD 4.4-based UNIX-like operating system. Its efforts emphasize portability, standardisation, correctness, proactive security and integrated cryptography. The project also develops the widely-used and popular OpenSSH (OpenBSD Secure Shell) software, which provides encrypted communication sessions over a computer network using the SSH protocol.",['https://www.openbsd.org/'],['75 (141 hits per day)'],['8.43'],['BSD'],[],['Canada'],"['alpha', 'armish', 'aviion', 'hppa', 'i386', 'landisk', 'loongson', 'luna88k', 'octeon', 'powerpc', 'powerpc64', 'risc64', 'sgi', 'socppc', 'sparc', 'sparc64', 'x86_64', 'zaurus']","['AfterStep', 'Awesome', 'Blackbox', 'Enlightenment', 'Fluxbox', 'GNOME', 'IceWM', 'KDE', 'Openbox', 'WMaker', 'Xfce']","['Security', 'Server']",['Active']
71,Artix,linuxfx,"Linuxfx is a Brazilian Linux distribution based on Ubuntu. It ships with an intuitive Cinnamon desktop user interface designed to facilitate migration of users from Windows. It includes a video management system called Sentinela, a computer vision software with video analytics and software for access control (facial recognition and automatic number plate recognition), object detection, gender, age and mood detection. Other features of the distribution include a new personal assistant, a WX theme for desktop and system applications, and compatibility with software written for Windows (.exe and .msi) through a Wine port. Following the release of Linuxfx 10.6 the distribution became a commercial offering.",['http://www.linuxfx.org/'],['54 (178 hits per day)'],['6.23'],['Linux'],['Ubuntu (LTS)'],['Brazil'],['x86_64'],['KDE Plasma'],"['Desktop', 'Live Medium']",['Active']
72,ALT,archcraft,Archcraft is a minimal Linux distribution based on Arch Linux. The project provides a graphical user interface using minimal window managers rather than full featured desktop environments. Archcraft is installed using the Calamares system installer and includes the yay package manager to facilitate fetching software from the Arch User Repository.,['https://archcraft.io/'],['60 (168 hits per day)'],['8.68'],['Linux'],['Arch'],['India'],['x86_64'],"['bspwm', 'LXDE', 'Openbox', 'Xfce']","['Desktop', 'Live Medium']",['Active']
73,Void,haiku,"Haiku is an open-source operating system, currently in development, that specifically targets personal computing. Inspired by the Be Operating System (BeOS), Haiku aims to become a fast, efficient, simple to use, easy to learn and yet very powerful system for computer users of all levels. The key highlights that distinguish Haiku from other operating systems include: specific focus on personal computing, custom kernel designed for responsiveness, fully threaded design for great efficiency with multi-processor/core CPUs, rich object-oriented API for faster development, database-like file system (BFS) with support for indexed metadata, and unified, cohesive interface.",['https://haiku-os.org/'],['97 (123 hits per day)'],['7.19'],['Other OS'],[],['USA'],"['i386', 'x86_64']",['Haiku'],"['Desktop', 'Live Medium']",['Active']
74,OpenBSD,rebornos,"RebornOS is a desktop-oriented Linux distribution based on Arch Linux. Although the RebornOS live image provides one desktop only, the installation process offers a choice to install one of the many popular desktop environments and window managers. Other interesting features of the distribution include support for Flatpak packages, optional installation of Anbox for running Android applications, a capability to rollback the system to a previous date, and graphical system configuration and maintenance tools.",['https://rebornos.org/'],['77 (139 hits per day)'],['8.05'],['Linux'],['Arch'],['USA'],['x86_64'],['Xfce'],"['Desktop', 'Live Medium']",['Active']
75,BigLinux,rhino,"Rhino Linux is an Ubuntu-based distribution which offers a rolling-release upgrade approach. The distribution uses a customised Xfce desktop environment. Rhino features a custom meta package manager which unifies Deb, Pacstall and Flatpak software management.",['https://rhinolinux.org/'],['71 (153 hits per day)'],['4.56'],['Linux'],"['Debian', 'Ubuntu']",['Global'],"['aarm64', 'x86_64']",['Xfce'],"['Desktop', 'Live Medium', 'Raspberry Pi']",['Active']
76,RebornOS,gnoppix,"Gnoppix is a Debian and Kali Linux-based distribution which can be run from a DVD, USB thumb drive or from a local drive. It can resume previous sessions while running in a live mode. The distribution attempts to clean up after itself, removing all traces of its use from the computer or used media. Prior to version 22, Gnoppix was a Knoppix-based distribution and live medium featuring the GNOME desktop.",['https://www.gnoppix.com/'],['41 (225 hits per day)'],['6.5'],['Linux'],"['Debian', 'Kali']",['Germany'],['x86_64'],"['GNOME', 'KDE Plasma', 'Xfce']","['Live Medium', 'Security']",['Active']
77,wattOS,kodachi,"Linux Kodachi is a Debian-based distribution which can be run from a DVD or USB thumb drive. The distribution filters all network traffic through a VPN and the Tor network, obscuring the user's network location. The distribution attempts to clean up after itself, removing traces of its use from the computer.",['https://www.digi77.com/linux-kodachi/'],['95 (124 hits per day)'],['7.98'],['Linux'],"['Debian', 'Xubuntu']",['Oman'],['x86_64'],['Xfce'],"['Live Medium', 'Privacy', 'Security']",['Active']
78,Emmabunts,lxle,"LXLE is an easy-to-use lightweight desktop Linux distribution based on Lubuntu and featuring the LXDE desktop environment. Compared to its parent, LXLE has a number of unique characteristics: it is built from Ubuntu's LTS (long-term support) releases, it covers most users' everyday needs by providing a good selection of default applications, and it adds useful modifications and tweaks to improve performance and functions.",['http://www.lxle.net/'],['90 (127 hits per day)'],['8.14'],['Linux'],"['Debian', 'Ubuntu (LTS)']",['USA'],['x86_64'],['LXDE'],"['Desktop', 'Live Medium', 'Old Computers']",['Active']
79,Proxmox,regata,"Regata OS is a Brazilian Linux distribution based on openSUSE, focusing on desktop and gaming needs. Its main characteristics include a Regata OS store for installing applications and games, out-of-the-box integration with Google Drive, support for a gaming mode via the Vulkan graphics API, an extensive library of games in the Regata OS Game Access portal, support for configuration of hybrid graphics in notebooks, and easy transfer of files between a computer and a smartphone. The distribution's user interface is KDE Plasma.",['https://www.regataos.com.br/'],['45 (209 hits per day)'],['8.22'],['Linux'],['openSUSE'],['Brazil'],['x86_64'],['KDE Plasma'],"['Desktop', 'Gaming', 'Live Medium']",['Active']
80,Ubuntu MATE,tinycore,"Tiny Core Linux is a 16 MB graphical Linux desktop. It is based on a recent Linux kernel, BusyBox, Tiny X, Fltk, and Flwm. The core runs entirely in memory and boots very quickly. The user has complete control over which applications and/or additional hardware to have supported, be it for a desktop, a nettop, an appliance or server; selectable from the project's online repository.",['http://www.tinycorelinux.net/'],['93 (125 hits per day)'],['6.7'],['Linux'],['Damn Small'],['USA'],"['i486', 'x86_64']","['dwm', 'Fluxbox', 'flwm', 'GNOME', 'Hackedbox', 'i3', 'IceWM', 'JWM', 'Openbox', 'WMFS']","['Desktop', 'From RAM', 'Live Medium', 'Old Computers', 'Raspberry Pi']",['Active']
81,Slax,openmandriva,"The OpenMandriva distribution is a full-featured Linux desktop and server, sponsored by the OpenMandriva Association. It was based on ROSA, a Russian Linux distribution project which forked Mandriva Linux in 2012, incorporating many of Mandriva's original tools and utilities and adding in-house enhancements. The goal of OpenMandriva is to facilitate the creation, improvement, promotion and distribution of free and open-source software in general, and OpenMandriva projects in particular. OpenMandriva has traditionally been a fixed release distribution, but in 2023 the project began releasing an alternative rolling branch called ROME.",['https://www.openmandriva.org/'],['57 (173 hits per day)'],['7.97'],['Linux'],[],['France'],['x86_64'],"['GNOME', 'KDE Plasma']","['Desktop', 'Live Medium', 'Raspberry Pi']",['Active']
82,Oracle,bluestar,"Bluestar Linux is a GNU/Linux distribution that is based on Arch Linux. The Bluestar distribution features up to date packages, a full range of desktop and multimedia software in the default installation and a live desktop DVD.",['https://sourceforge.net/projects/bluestarlinux/'],['46 (205 hits per day)'],['5.41'],['Linux'],['Arch'],['Germany'],['x86_64'],['KDE Plasma'],['Desktop'],['Active']
83,deepin,oracle,"Oracle Linux is an enterprise-class Linux distribution supported by Oracle and built from source packages for Red Hat Enterprise Linux (RHEL). Some of the special features of Oracle Linux include a custom-build and rigorously-tested Linux kernel called ""Oracle Unbreakable Kernel"", tight integration with Oracle's hardware and software products including most database applications, and ""zero downtime patching"" - a feature that enables administrators to update the kernel without a reboot.",['https://www.oracle.com/linux/'],['83 (131 hits per day)'],['8'],['Linux'],['Red Hat'],['USA'],"['aarch64', 'x86_64']",['GNOME'],['Server'],['Active']
84,Absolute,nitrux,"Nitrux is a Linux distribution based on Debian's Unstable (sid) branch with additional packages pulled in from Ubuntu LTS repositories. Nitrux strives to be a distribution suitable for laptops and desktop computers. Its main desktop environment is NX Desktop, a KDE Plasma desktop enhanced with ""plasmoids"" to create a special blend of aesthetics and functionality. The project also focuses on using redistributable, portable applications using the AppImage format. Registration with an e-mail address was required to download this distribution, however public downloads have been available since mid-2020.",['https://nxos.org/'],['98 (119 hits per day)'],['4.11'],['Linux'],"['Debian', 'Ubuntu']",['Mexico'],['x86_64'],"['JWM', 'NX Desktop (KDE Plasma)']","['Desktop', 'Live Medium']",['Active']
85,Endless,ubuntumate,"Ubuntu MATE is a desktop Linux distribution which aims to bring the simplicity and elegance of the Ubuntu operating system through a classic, traditional desktop environment - the MATE desktop. MATE is the continuation of the GNOME 2 desktop environment which was used as Ubuntu's default desktop until 10.10 (when it was replaced by Unity). The project began its life as an Ubuntu ""remix"", but starting with version 15.04, it was formally accepted as an official member of the Ubuntu family of Linux distributions.",['https://ubuntu-mate.org/'],['81 (133 hits per day)'],['8.24'],['Linux'],"['Debian', 'Ubuntu']",['United Kingdom'],"['aarch64', 'armhf', 'x86_64']",['MATE'],"['Beginners', 'Desktop', 'Live Medium', 'Raspberry Pi']",['Active']
86,Mabox,slax,"Slax is a minimalist desktop live CD based on Slackware Linux. It boots into a simple desktop using the Fluxbox window manager which offers a small collection of applications, including the Chromium web browser, a text editor and a calculator. Prior to version 9.x, Slax was a Slackware-based live CD featuring the KDE desktop and a wide collection of pre-installed software for daily use together with useful recovery tools for system administrators. After releasing version 11.x with a Debian base, the project returned to a Slackware base for version 15.0.0.",['https://www.slax.org/'],['82 (132 hits per day)'],['6.75'],['Linux'],"['Debian (Stable)', 'Slackware']",['Czech Republic'],"['i686', 'x86_64']",['Fluxbox'],"['From RAM', 'Live Medium']",['Active']
87,Br OS,clear,Clear Linux is a minimal distribution primarily designed with performance and cloud use-cases in mind. The operating system upgrades as a whole rather than using individual packages. Extra software can be added to the system (along with associated dependencies) using pre-compiled bundles which can be accessed through the distribution's swupd software manager.,['https://clearlinux.org/'],['52 (184 hits per day)'],['7.55'],['Linux'],[],['USA'],['x86_64'],['GNOME'],"['Cloud', 'Desktop', 'Server', 'Specialist']",['Active']
88,4MLinux,neptune,"Neptune is a GNU/Linux distribution for desktops. It is based on Debian's Stable branch, except for a newer kernel, some drivers and newer versions of popular applications, such as LibreOffice. It also ships with the latest version of the KDE desktop. The distribution's main goals are to provide a good-looking general-purpose desktop with pre-configured multimedia playback and to offer an easy-to-use USB installer with a persistence option.",['https://neptuneos.com/'],['62 (168 hits per day)'],['8.68'],['Linux'],['Debian (Stable)'],['Germany'],['x86_64'],['KDE Plasma'],"['Desktop', 'Live Medium']",['Active']
89,LXLE,siduction,"The siduction distribution is a desktop-oriented operating system and live medium based on the ""unstable"" branch of Debian GNU/Linux. Forked from aptosid in late 2011, siduction offers many separate live media with a range of desktop environments. The project also promises regular releases, an open development model, and friendly relationship with its developer and user community.",['https://siduction.org/'],['65 (162 hits per day)'],['8'],['Linux'],['Debian (Unstable)'],['Germany'],['x86_64'],"['KDE Plasma', 'LXQt', 'Xfce']","['Desktop', 'Live Medium']",['Active']
90,Feren,deepin,"deepin (formerly, Deepin, Linux Deepin, Hiweed GNU/Linux) is a Debian-based distribution (it was Ubuntu-based until version 15 released in late 2015) that aims to provide an elegant, user-friendly and reliable operating system. It does not only include the best the open source world has to offer, but it has also created its own desktop environment called DDE or Deepin Desktop Environment which is based on the Qt 5 toolkit. Deepin focuses much of its attention on intuitive design. Its home-grown applications, like Deepin Software Centre, DMusic and DPlayer are tailored to the average user. Being easy to install and use, deepin can be a good Windows alternative for office and home use.",['https://deepin.org/'],['84 (130 hits per day)'],['7.83'],['Linux'],['Debian'],['China'],['x86_64'],['Deepin'],['Desktop'],['Active']
91,NuTyX,ferenos,"Feren OS is a desktop Linux distribution based on Ubuntu and featuring the KDE Plasma desktop. It ships with a tweaked Calamares system installer, a custom theme and fonts, the Vivaldi web browser, boot options for advanced users, and a Feren OS Tour application, among the many home-built features and improvements. Prior to November 2020, the distribution was based on Linux Mint and included an edition with the Cinnamon desktop.",['http://ferenos.weebly.com/'],['91 (126 hits per day)'],['8.77'],['Linux'],"['Debian', 'Ubuntu']",['United Kingdom'],"['i686', 'x86_64']","['Cinnamon', 'KDE Plasma']","['Desktop', 'Live Medium']",['Active']
92,Tiny Core,qubes,"Qubes OS is a security-oriented, Fedora-based desktop Linux distribution whose main concept is ""security by isolation"" by using domains implemented as lightweight Xen virtual machines. It attempts to combine two contradictory goals: how to make the isolation between domains as strong as possible, mainly due to clever architecture that minimises the amount of trusted code, and how to make this isolation as seamless and easy as possible.",['https://qubes-os.org/'],['69 (156 hits per day)'],['8.75'],['Linux'],['Fedora'],['Poland'],['x86_64'],['Xfce'],"['Desktop', 'Security']",['Active']
93,Ubuntu Studio,murena,"Murena is an umbrella name for the /e/OS operating system, associated open source powered smartphones, and cloud-based services. The Murena project provides open source images for common smartphones, open source cloud-based storage, calendar, and backup solutions, and sells phones with /e/OS pre-installed. The project's operating system is based on LineageOS, itself based on Android. The Murena team removes closed source applications, trackers, and Google-specific elements of Android and replaces them with open source alternatives.",['https://murena.com/'],['68 (157 hits per day)'],['8.43'],['Linux'],['LineageOS'],['France'],['aarch64'],['Bliss'],"['Immutable', 'Mobile']",['Active']
94,Kodachi,absolute,"Absolute Linux is a light-weight modification of Slackware Linux. It includes several utilities that make configuration and maintenance easier and it has many common desktop and Internet applications installed and configured with tight integration of menus, applications and MIME types. Absolute Linux uses IceWM and ROX for its window and file managers.",['https://www.absolutelinux.org/'],['85 (129 hits per day)'],['4.83'],['Linux'],['Slackware'],['USA'],"['i686', 'x86_64']",['IceWM'],"['Desktop', 'Old Computers']",['Active']
95,Archman,ubuntustudio,"An official variant of Ubuntu, Ubuntu Studio is a Linux-based operating system for creative individuals in the areas of audio production, video production, graphics design, photography and desktop publishing. It makes professional audio accessible on Linux; it uses the JACK sound server and a kernel built with a low-latency patch. Up until version 20.10 Ubuntu Studio shipped with the Xfce desktop environment, but this was replaced by KDE Plasma in October 2020.",['https://ubuntustudio.org/'],['94 (125 hits per day)'],['8.33'],['Linux'],"['Debian', 'Ubuntu']",['USA'],['x86_64'],['KDE Plasma'],"['Desktop', 'Live Medium', 'Multimedia']",['Active']
96,Haiku,void,"Void is an independently-developed, general-purpose operating system based on the monolithic Linux kernel. It features a hybrid binary/source package management system which allows users to quickly install, update and remove software, or to build software directly from sources with the help of the XBPS source packages collection. Other features of the distribution include support for Raspberry Pi single-board computers (both armv6 and armv7), rolling-release development model with daily updates, and native init system called ""runit"".",['https://voidlinux.org/'],['74 (146 hits per day)'],['9.23'],['Linux'],[],['Spain'],"['aarch64', 'armv6', 'armv7', 'i686', 'x86_64']",['Xfce'],"['Desktop', 'Live Medium', 'Raspberry Pi']",['Active']
97,Nitrux,emmabuntus,"Emmabunts is a desktop Linux distribution with editions based on Debian's Stable branch with the Xfce and LXQt desktop environments. It strives to be beginner-friendly and reasonably light on resources so that it can be used on older computers. It also includes many modern features, such as large number of pre-configured programs for everyday use, dockbar for launching applications, easy installation of non-free software and media codecs, and quick setup through automated scripts. The distribution supports English, French, German, Italian, Portuguese and Spanish languages.",['http://emmabuntus.org/'],['79 (135 hits per day)'],['8.88'],['Linux'],['Debian (Stable)'],['France'],"['i686', 'x86_64']","['LXQt', 'Xfce']","['Beginners', 'Desktop', 'Live Medium', 'Old Computers']",['Active']
98,Gecko,truenas,"TrueNAS CORE (previously known as FreeNAS) is a free and Open Source Network-Attached Storage (NAS) operating system that supports file, block and object storage. TrueNAS CORE is FreeBSD based and is a community-supported branch of the TrueNAS project, sponsored by iXsystems. It also has a commercial branch called TrueNAS Enterprise and a free and HyperConverged storage solution called TrueNAS SCALE. The TrueNAS SCALE branch is based on the Debian Linux distribution.",['https://www.truenas.com/'],['66 (159 hits per day)'],['9.02'],"['BSD, Linux']","['Debian', 'FreeBSD']","['France, USA']",['x86_64'],"['No Desktop', 'WebUI']",['NAS'],['Active']
99,SysLinuxOS,bros,"Br OS is a Brazilian Linux distribution based on Ubuntu and featuring the KDE Plasma desktop. It is designed as an intuitive, easy-to-use, general-purpose operating system for web navigation and content creation, providing a selection of useful applications for daily use.",['https://br-os.com/'],['88 (128 hits per day)'],['8.6'],['Linux'],"['Debian', 'Ubuntu']",['Brazil'],['x86_64'],['KDE Plasma'],"['Desktop', 'Live Medium']",['Active']
